{
  "base": "static\\libs\\semantic\\",
  "paths": {
    "source": {
      "config": "src/theme.config",
      "definitions": "src/definitions/",
      "site": "src/site/",
      "themes": "src/themes/"
    },
    "output": {
      "packaged": "dist\\",
      "uncompressed": "dist\\components\\",
      "compressed": "dist\\components\\",
      "themes": "dist\\themes\\"
    },
    "clean": "dist/"
  },
  "permission": false,
  "autoInstall": true,
  "rtl": false,
  "components": [
    "reset",
    "site",
    "button",
    "container",
    "icon",
    "input",
    "list",
    "segment",
    "form",
    "grid",
    "item",
    "progress",
    "form",
    "message",
    "popup",
    "transition",
    "checkbox",
    "modal",
	"dimmer",
	"dropdown"
  ],
  "version": "2.2.6"
}